Sample,Site,Parent_Rock,Gravel_pct,Sand_pct,Silt_pct,Clay_pct,Liquid_Limit,Plastic_Limit,Sp_Gravity,Moisture_pct,Cohesion_kPa,Friction_Angle_deg,Is_Original,Plasticity_Index,Fines_pct,FoS_dry,FoS_saturated,FoS
S1-1,1,Basalt,69.0,12.0,18.0,3.0,57.0,33.0,2.69,10.0,30.0,26.0,True,24.0,21.0,0.7655103663436393,0.5460307014890017,0.5460307014890017
S1-2,1,Basalt,41.0,17.0,41.0,2.0,57.0,38.0,2.73,12.0,40.0,36.0,True,19.0,43.0,1.0969128983757312,0.769968760773319,0.769968760773319
S1-3,1,Basalt,10.0,34.0,54.0,3.0,53.0,35.0,2.7,11.0,25.0,32.0,True,18.0,57.0,0.8563508333908091,0.5751596250316117,0.5751596250316117
S1-4,1,Basalt,72.0,12.0,16.0,0.0,50.0,35.0,2.75,14.0,20.0,33.0,True,15.0,16.0,0.8345927783826959,0.542359361443816,0.542359361443816
S1-5,1,Basalt,83.0,4.0,13.0,1.0,56.0,36.0,2.73,15.0,45.0,25.0,True,20.0,14.0,0.8829743248216653,0.6731358786519159,0.6731358786519159
S1-6,1,Basalt,65.0,18.0,17.0,15.0,47.0,31.0,2.68,16.0,39.0,24.0,True,16.0,32.0,0.8063397964196474,0.6059868880308061,0.6059868880308061
S2-1,2,Granite,0.0,10.0,71.0,19.0,80.0,52.0,2.78,15.0,26.0,32.0,True,28.0,90.0,0.8656100926500683,0.584418884290871,0.584418884290871
S2-2,2,Granite,30.0,32.0,0.0,37.0,48.0,36.0,2.86,14.0,33.0,27.0,True,12.0,37.0,0.8150810050499845,0.5857945527774915,0.5857945527774915
S2-3,2,Granite,40.0,20.0,10.0,30.0,30.0,40.0,2.74,20.0,32.0,26.0,True,-10.0,40.0,0.7840288848621577,0.5645492200075202,0.5645492200075202
S2-4,2,Granite,80.0,5.0,15.0,1.0,55.0,38.0,2.69,10.0,26.0,31.0,True,17.0,16.0,0.8416013597683012,0.571214081205899,0.571214081205899
MC-B1-1,1,Basalt,40.248788011757824,21.94780852156119,31.350534998231737,6.45286846844924,54.59028802919571,32.51129885200138,2.6,10.72700480724756,32.76872721871807,25.2258528407284,False,22.07898917719433,37.803403466680976,0.7745296697579116,0.5625276817781768,0.5625276817781768
MC-B1-2,1,Basalt,63.373534705487465,10.165391161886676,18.218039927442703,8.24303420518316,50.773718284492496,34.919179093100034,2.6917890630201455,15.058432786209249,39.32122201856785,33.15196163118823,False,15.854539191392462,26.461074132625864,1.0172702536931868,0.7233370646086188,0.7233370646086188
MC-B1-3,1,Basalt,17.060519940300686,28.109538026548424,49.460586322280456,5.369355710870435,51.602541372115645,36.42291169205191,2.682571744357257,12.805456142765157,31.023377935662094,37.25667840745197,False,15.179629680063734,54.82994203315089,1.0478551450508877,0.7055844045099136,0.7055844045099136
MC-B1-4,1,Basalt,72.82196798612587,12.961115245591046,13.031964465720913,1.184952302562177,47.75240675048683,34.05430391896737,2.943458561569477,15.061998459150242,18.55669330150011,31.478265903721386,False,13.698102831519456,14.21691676828309,0.7841003637071038,0.5085747554618242,0.5085747554618242
MC-B1-5,1,Basalt,36.03123757769604,21.83440442725905,37.47045325697675,4.663904738068167,54.15866768347486,35.05556283597683,2.600709420278122,10.885746248509905,29.073451463170755,34.03314028191009,False,19.10310484749803,42.134357995044915,0.9445490301548835,0.6406413476817308,0.6406413476817308
MC-B1-6,1,Basalt,48.700466827877165,16.964595517039307,34.33493765508353,0.0,56.674058985257716,36.43814930014763,2.753551945956551,12.300690719140439,35.271979426394346,29.35271870381022,False,20.235909685110087,34.33493765508353,0.8889767292494991,0.6359037820305343,0.6359037820305343
MC-B1-7,1,Basalt,70.5656827339609,7.5713397893336465,21.862977476705456,0.0,54.16117699251445,37.9263321464154,2.6607905578957447,14.932029372881196,36.23352380953931,33.10683103600144,False,16.23484484609905,21.862977476705456,0.9875572926511825,0.6941295268312309,0.6941295268312309
MC-B1-8,1,Basalt,46.5592391390525,21.02361823655744,28.608672437668766,3.808470186721317,55.97449499506772,31.972073518689715,2.7064780747862613,7.171663721413673,17.011981029031073,30.37859105521827,False,24.002421476378007,32.41714262439008,0.7437126942699248,0.4799252361360881,0.4799252361360881
MC-B1-9,1,Basalt,54.97966727800782,17.0486578843713,16.898158535481496,11.07351630213939,47.49259014415892,31.288650106574636,2.6543740988633404,14.496501815960613,31.43128950074695,26.908246913657212,False,16.20394003758428,27.97167483762089,0.7985404095460177,0.5701609315034221,0.5701609315034221
MC-B1-10,1,Basalt,55.63792784697584,16.27482435699761,28.08724779602653,0.0,53.80325829123498,35.7227839641797,2.7082608153929244,11.7290823492968,23.68427279959471,33.789821129255216,False,18.080474327055285,28.08724779602653,0.8884832331428667,0.587350248226888,0.587350248226888
MC-B1-11,1,Basalt,90.84042357174758,0.8402431407889864,4.684409844835597,3.6349234426278487,53.15848450747384,35.29788274043235,2.7180892407099937,15.41156154447345,41.50840889757883,27.876587509823786,False,17.860601767041487,8.319333287463445,0.9132867981929786,0.6752594427460501,0.6752594427460501
MC-B1-12,1,Basalt,96.07852491832818,0.0,0.0,3.921475081671809,57.48161288359132,31.54967369282413,2.8015215688859403,12.013652712503246,38.64751560739531,17.499462816081895,False,25.93193919076719,3.921475081671809,0.6731358479541647,0.5312560314056044,0.5312560314056044
MC-B1-13,1,Basalt,30.638179445524838,23.607335603315853,34.676161542041,11.078323409118319,47.33034071248119,33.98901988924301,2.7575649938308393,16.400396801574416,40.21800347715148,29.672851455667455,False,13.341320823238178,45.75448495115932,0.9421510303562812,0.6857580811840858,0.6857580811840858
MC-B1-14,1,Basalt,96.90049195151418,0.0,3.099508048485812,0.0,57.77354085174758,35.22338944623186,2.761717504245647,12.373339656053453,36.477080801068716,27.42398089595838,False,22.55015140551572,3.099508048485812,0.8566326327953562,0.6231357847085656,0.6231357847085656
MC-B1-15,1,Basalt,53.10672193244598,15.21677531251342,31.67650275504061,0.0,56.785704095498964,37.30752787974801,2.8836256748953772,10.520284624361597,19.57255023621804,35.15858207537545,False,19.478176215750956,31.67650275504061,0.8855676707827033,0.5686145115813953,0.5686145115813953
MC-B1-16,1,Basalt,51.123953761416644,17.188119511753683,31.68792672682968,0.0,55.2162185265978,35.88189957968095,2.6778840108290662,11.64938485275773,28.895667765233327,31.56415620778001,False,19.334318946916852,31.68792672682968,0.8818945517877811,0.6054406191717518,0.6054406191717518
MC-B1-17,1,Basalt,75.35053542404125,10.859466246476067,5.934225182497282,7.855773146985401,45.77885193306325,31.977093786805753,2.6,17.017767878832746,30.006392358038617,25.18097123650552,False,13.801758146257498,13.789998329482682,0.747995655909129,0.5364242455751819,0.5364242455751819
MC-B1-18,1,Basalt,76.87150574982114,6.158362152797166,12.710288713444859,4.259843383936849,55.0475038105609,34.595156665971984,2.6,14.248835363662405,43.34293322455505,25.06043041067736,False,20.452347144588913,16.970132097381708,0.8689157949296381,0.6584992423136138,0.6584992423136138
MC-B1-19,1,Basalt,40.896736348462234,17.63429803124358,41.4689656202942,0.0,59.31762451295227,37.3474353254961,2.7246879414560534,10.616140036344028,38.315254862089056,32.29697759741646,False,21.97018918745617,41.4689656202942,0.986870806134138,0.7024258386324803,0.7024258386324803
MC-B1-20,1,Basalt,66.00015062894697,12.965841420744612,16.630658206872546,4.403349743435872,48.71682889049765,34.32318087151781,2.7201787203380263,15.281153080290805,27.194068302898028,31.223498879688222,False,14.393648018979839,21.034007950308418,0.8579791553086806,0.5851971533485161,0.5851971533485161
MC-B1-21,1,Basalt,42.719728068894106,22.066606765732352,26.185946250348085,9.027718915025453,52.086277070474864,31.15113926750932,2.6159494406176527,10.637951070094635,27.010128803707957,26.52997959672488,False,20.935137802965546,35.21366516537354,0.7493288760412047,0.5246730851714458,0.5246730851714458
MC-B1-22,1,Basalt,38.67475737213918,24.81051529080653,29.62249924288737,6.892228094166911,50.14201328053098,31.660738003731566,2.7081207111497214,11.618216070076453,21.210424008482832,28.083421395845864,False,18.481275276799416,36.51472733705428,0.7299712995507992,0.4898609814549514,0.4898609814549514
MC-B1-23,1,Basalt,0.0,31.99256578792482,58.6879534756272,9.319480736447984,51.88782887633783,36.87942092020434,2.8051778122352067,13.382773702818268,43.82554850579082,36.72521532410023,False,15.008407956133489,68.00743421207518,1.1518539675760848,0.8161261342743085,0.8161261342743085
MC-B1-24,1,Basalt,74.55654485393197,9.745967950965442,13.672820470518268,2.024666724584304,49.97778664496821,35.04177345249055,2.724619902805632,16.95056008051269,33.98449399657764,27.042594133264277,False,14.93601319247766,15.697487195102571,0.8251334537892319,0.595425457903151,0.595425457903151
MC-B1-25,1,Basalt,71.81239404569907,9.455479466696005,11.293147306088315,7.438979181516609,54.2063594511677,32.314235557284995,2.751556228667015,12.296732917193356,36.492061007306965,24.330187319240284,False,21.892123893882705,18.732126487604923,0.7900411974422532,0.5865729127903516,0.5865729127903516
MC-B1-26,1,Basalt,76.13795056374386,10.700974083264136,0.0,13.161075352992016,47.699225151058386,27.628197817605464,2.725366998121756,13.42421365425003,29.300837484015442,19.32467350693635,False,20.07102733345292,13.161075352992016,0.6219825886935422,0.4641772466315126,0.4641772466315126
MC-B1-27,1,Basalt,81.73106741721124,0.0,18.268932582788757,0.0,61.80281966544176,41.56268198120329,2.939666814212781,11.852231333629238,35.23881015473848,38.593664304312306,False,20.24013768423847,18.268932582788757,1.1243937605561274,0.7652449439506137,0.7652449439506137
MC-B1-28,1,Basalt,14.942847015719323,28.061090202874706,45.612221308979834,11.383841472426141,52.896889215090745,33.763570622737966,2.727024801200416,12.096150060513068,42.27158039526098,29.616139460464833,False,19.13331859235278,56.996062781405975,0.9598552377545353,0.7040519657452485,0.7040519657452485
MC-B1-29,1,Basalt,48.130114648771496,21.488321330814664,21.729173751677116,8.652390268736736,43.39347504784502,32.64473251479472,2.6603385815241998,17.88058103633435,28.29593349684059,27.08868843389007,False,10.748742533050304,30.381564020413855,0.7734761406883008,0.5433116002820679,0.5433116002820679
MC-B1-30,1,Basalt,62.25991565427251,11.946279124973334,25.01485151180608,0.7789537089480782,57.287329148042204,35.67867387643476,2.6838773288388347,12.012776579868737,37.845174964430996,27.46322561078425,False,21.608655271607446,25.793805220754155,0.870169844768661,0.6362816436412261,0.6362816436412261
MC-B1-31,1,Basalt,71.7232188086619,9.345364456145878,11.031737412926846,7.899679322265388,52.65798270381392,32.52467228417239,2.7493211057207696,14.14792528080773,41.10738632574888,22.691986471034028,False,20.133310419641532,18.931416735192233,0.7987686825483532,0.6106035517588813,0.6106035517588813
MC-B1-32,1,Basalt,59.38132090487126,18.074940177899336,17.80118974039282,4.742549176836585,49.488766318159634,31.942376872285024,2.732187565159131,13.708192177483882,24.16586259840908,24.26387889556367,False,17.54638944587461,22.543738917229405,0.6745165589043716,0.47167520155744225,0.47167520155744225
MC-B1-33,1,Basalt,55.46604516940876,16.00024730519233,28.533707525398906,0.0,59.76808674957455,34.30368823262284,2.615308578447534,7.88887701371179,26.229676619531798,28.211873047808552,False,25.46439851695171,28.533707525398906,0.7793295029481043,0.5379215458695066,0.5379215458695066
MC-B1-34,1,Basalt,54.120849062660255,14.368221472960574,26.870372334780672,4.6405571295985055,52.53636656967785,35.91932287698242,2.757335610617196,15.41521022770741,41.79744717034045,28.995343870704744,False,16.617043692695432,31.510929464379178,0.9412162218780667,0.6918249519093553,0.6918249519093553
MC-B1-35,1,Basalt,74.18295544001644,8.79613480212362,11.33921862933676,5.681691128523174,51.370290048837404,33.59921147451199,2.8582723822112004,14.525343696722713,33.69355055906717,28.175275414514328,False,17.771078574325415,17.020909757859933,0.8476171526299322,0.6065792279425759,0.6065792279425759
MC-B1-36,1,Basalt,45.74065320704193,22.694099699930455,25.418284960813313,6.146962132214286,48.095020635940045,32.27396575866649,2.7334348927618506,12.985221434397278,19.17166881639315,29.722508592351826,False,15.821054877273554,31.5652470930276,0.7484261587886385,0.4915163407353893,0.4915163407353893
MC-B1-37,1,Basalt,43.84094060159467,23.39921304632649,32.52088387806118,0.23896247401766446,51.72550947539633,34.18329604409227,2.7188727779162836,11.602210456960808,17.420396692685095,31.08802163964973,False,17.542213431304056,32.75984635207884,0.764253433324335,0.4929243745479055,0.4929243745479055
MC-B1-38,1,Basalt,50.85186070985115,21.00998622237756,20.773129060443637,7.365024007327661,48.15312239361443,31.525128184229338,2.671538268710234,14.914306131227711,29.309784675773084,21.438619683727488,False,16.627994209385093,28.1381530677713,0.6640603766805531,0.48735730999002536,0.48735730999002536
MC-B1-39,1,Basalt,80.94667742101642,0.24471155570962055,18.80861102327397,0.0,60.39811216375905,39.18156836955248,2.6,12.094726442496219,40.196689988820914,34.247081170759216,False,21.216543794206572,18.80861102327397,1.0529927814344124,0.7466322380756807,0.7466322380756807
MC-B1-40,1,Basalt,82.04738113556958,4.95144230132631,13.00117656310411,0.0,59.36139134511948,35.572827843773176,2.6,11.341152072597119,30.387205871059386,25.35541887817191,False,23.788563501346303,13.00117656310411,0.7552447589967728,0.5419979752443058,0.5419979752443058
MC-B1-41,1,Basalt,92.96374526146775,0.17580912930507395,1.1511892375026307,5.709256371724557,54.252080007387946,33.822081894295394,2.728706172328346,14.8988933210244,43.53921327880849,24.320426355778903,False,20.42999811309255,6.860445609227187,0.8550874334183061,0.6517114770417703,0.6517114770417703
MC-B1-42,1,Basalt,38.68430648114346,17.032051133487037,44.283642385369504,0.0,62.374684597987894,38.377484109715326,2.7078023121521118,9.51871105082984,40.12965223497225,31.124775141655117,False,23.99720048827257,44.283642385369504,0.9753993342805638,0.7036765181666945,0.7036765181666945
MC-B1-43,1,Basalt,2.4797650003459295,38.48294989094851,59.037285108705575,0.0,53.401392390847214,34.93397497020479,2.6393544988454503,8.680291605341436,10.229560359910522,34.74009408895028,False,18.467417420642427,59.037285108705575,0.7881867713253117,0.4761258923952153,0.4761258923952153
MC-B1-44,1,Basalt,84.19331841696614,1.6776377341738413,10.794148692945287,3.334895155914737,57.2331622739868,35.59588351081552,2.85113372492605,15.546050718233037,55.4774881993351,21.491275231318664,False,21.63727876317128,14.129043848860023,0.9074150285476874,0.730234466531791,0.730234466531791
MC-B1-45,1,Basalt,48.885892426765174,12.888386734019166,38.225720839215654,0.0,60.88050676677469,38.847983368061215,2.837884906956639,9.239772764405325,30.999164916230264,37.63858744624508,False,22.032523398713472,38.225720839215654,1.0582064246360292,0.7111767207007755,0.7111767207007755
MC-B1-46,1,Basalt,60.05544064623231,14.003900485929464,25.940658867838213,0.0,56.37698469888034,35.494440536574054,2.8303502574502,10.43252293239173,23.863198666739876,32.130250245046106,False,20.88254416230629,25.940658867838213,0.8489903276287672,0.5663746746405715,0.5663746746405715
MC-B1-47,1,Basalt,4.874062426407434,33.21070999676122,61.91522757683134,0.0,56.547960763610085,37.15149789054594,2.637338312719071,9.334441725981515,26.26763401420539,36.669592472145595,False,19.396462873064145,61.91522757683134,0.9877706201879621,0.6527223161625684,0.6527223161625684
MC-B1-48,1,Basalt,64.30354712787926,6.094719467514506,29.601733404606236,0.0,63.1514531559398,38.97489038286409,2.6972640819560496,12.539867168955864,54.14346481982193,25.57214488910008,False,24.17656277307571,29.601733404606236,0.9798504735393112,0.7645155305292126,0.7645155305292126
MC-B1-49,1,Basalt,61.53309783731123,8.447009920639108,30.019892242049657,0.0,60.98221860536495,38.360586818149,2.8432551234340373,10.990954772049943,41.30210681742366,32.71965971370591,False,22.621631787215946,30.019892242049657,1.0249001580776693,0.7357871986819833,0.7357871986819833
MC-B1-50,1,Basalt,57.07448564676192,18.36163232267854,23.41221948766976,1.151662542889787,48.090644808498595,34.55451323276367,2.762128398776792,15.080179603355353,20.12924275209819,31.383256309390813,False,13.536131575734927,24.563882030559547,0.7963834399929212,0.5218827367965158,0.5218827367965158
MC-B1-51,1,Basalt,34.54190637311799,23.580584957805517,41.8775086690765,0.0,56.73283290968096,36.34871091712605,2.820360600507254,8.140743058130852,11.75304177799887,37.09893901601039,False,20.38412199255491,41.8775086690765,0.8650894119338683,0.5247701839719563,0.5247701839719563
MC-B1-52,1,Basalt,48.37743581146165,16.90490598082878,30.945110963564115,3.7725472441454593,52.89352388820521,35.851541223002194,2.823238298674281,13.063967714340976,32.84750557150602,33.525225532059586,False,17.041982665203015,34.717658207709576,0.9666624628562319,0.6685289611188694,0.6685289611188694
MC-B1-53,1,Basalt,99.00628723045163,0.0,0.0,0.9937127695483772,55.92866971994197,34.006691417808085,2.7202001171558607,12.79278123594335,32.75627483211316,26.151358436604497,False,21.921978302133887,0.9937127695483772,0.7943057755609455,0.5733526550256582,0.5733526550256582
MC-B1-54,1,Basalt,36.90289280401966,17.930904991774355,38.47608090848394,6.690121295722045,54.49781415849898,37.04812103738171,2.7552623446721967,13.969303521350287,46.59624108875805,33.282170114115345,False,17.44969312111727,45.16620220420598,1.0878785252161776,0.7924841934053894,0.7924841934053894
MC-B1-55,1,Basalt,30.665309496398663,22.19675581515254,37.83896230624297,9.298972382205827,58.10319725358788,33.032415271905144,2.672778138488294,8.687560192644689,40.386862406013606,27.702529662978446,False,25.070781981682735,47.137934688448794,0.8990204889703656,0.662739862292091,0.662739862292091
MC-B1-56,1,Basalt,48.746429613554376,18.956664623353852,23.379264891670278,8.917640871421483,50.108258414014536,32.33749915293336,2.7308293225790203,14.186400866457404,34.898331743264116,25.174711825443417,False,17.770759261081174,32.29690576309176,0.7931580014413933,0.5816466163897002,0.5816466163897002
MC-B1-57,1,Basalt,47.3318039242461,23.965132118984474,24.417680347739328,4.285383609030105,46.02607846958567,32.13753048781182,2.818834498855334,14.302672680654496,13.97171234531086,29.61529717174753,False,13.888547981773847,28.703063956769434,0.6977999715794345,0.4420054524741509,0.4420054524741509
MC-B1-58,1,Basalt,55.555655449689326,19.707042290521823,22.261565452468492,2.4757368073203523,48.729459775558816,33.26546763979874,2.647295719319088,13.595623272641072,18.185312346437847,30.087398949202413,False,15.463992135760073,24.737302259788844,0.7477684511817807,0.48704478292680375,0.48704478292680375
MC-B1-59,1,Basalt,44.130089679085316,20.424197129908936,29.376891350771235,6.0688218402345235,56.24910929632243,32.28744101052494,2.7497813275771095,10.581167712187652,35.55008114415931,22.21459520308553,False,23.961668285797494,35.44571319100576,0.7375570473652009,0.5537817141515243,0.5537817141515243
MC-B1-60,1,Basalt,51.349770784031904,17.17038264762746,26.052280497883984,5.427566070456659,52.47677997032913,34.08022970029331,2.8014459101573204,14.19759834566458,37.643512527056465,25.98012843231954,False,18.396550270035824,31.479846568340644,0.8358543751659614,0.616567875204014,0.616567875204014
MC-B1-61,1,Basalt,32.65090320285942,23.514238232966363,36.05157879796248,7.783279766211742,54.45921330025658,32.87596880697692,2.792924270828677,12.038678254769216,39.35692732574906,24.40586112430277,False,21.583244493279658,43.83485856417422,0.8181594631165992,0.6139749019047507,0.6139749019047507
MC-B1-62,1,Basalt,38.027361739810466,22.743567550996545,36.19416551811941,3.034905191073575,48.805354500589885,36.19235878731583,2.667057395820329,16.317217723845573,32.48487073058028,31.04588842179808,False,12.612995713274053,39.22907070919299,0.9027370414091289,0.6318590008191054,0.6318590008191054
MC-B1-63,1,Basalt,68.64174998761612,14.654287802066627,6.904111398571031,9.799850811746227,47.81413788832067,29.452065225894863,2.6867928810725004,15.517755232849073,32.140705292386336,17.413833424745285,False,18.36207266242581,16.703962210317258,0.611245297144412,0.47010451881436965,0.47010451881436965
MC-B1-64,1,Basalt,95.17192504063858,1.8303936885158163,0.0,2.9976812708455935,50.886018410886585,32.81639136737595,2.723448030848443,13.800776624139647,24.38028336343074,28.396299845401263,False,18.069627043510636,2.9976812708455935,0.7663578902720406,0.5230813536639171,0.5230813536639171
MC-B1-65,1,Basalt,66.01871152300119,13.914996599011896,18.421119605540703,1.6451722724462226,48.95968092223155,34.90542979875803,2.755736755130535,14.35358312911623,19.169556222420145,34.784793896242505,False,14.05425112347352,20.066291877986927,0.8721204726126601,0.5595394108637137,0.5595394108637137
MC-B1-66,1,Basalt,8.247708393701442,35.044902695468004,56.70738891083056,0.0,49.03319985035377,37.353118240547495,2.753726161537822,13.780911162021324,17.63971344896226,37.13229622105399,False,11.680081609806273,56.70738891083056,0.9205112049522537,0.5797799687610823,0.5797799687610823
MC-B1-67,1,Basalt,68.17812512893653,9.073631578115124,17.295321662084046,5.452921630864296,53.60614968146231,34.65218980330461,2.6,14.044932834607183,40.0579839154781,29.27025564233037,False,18.953959878157704,22.74824329294834,0.9313986635101729,0.6791775312450872,0.6791775312450872
MC-B1-68,1,Basalt,21.798550385401366,22.343081719314053,49.70804304436006,6.150324850924521,58.392942407866606,37.45778041398894,2.6,11.285977204851509,47.988860506008145,34.046409260018436,False,20.935161993877664,55.85836789528458,1.1200289731587185,0.8159695206789959,0.8159695206789959
MC-B1-69,1,Basalt,36.450246981341365,19.022727464588122,40.863362121950544,3.6636634321199626,58.7837137455228,36.261798043520834,2.735923335111504,10.272946902203687,40.62725996288136,31.613452480439467,False,22.52191570200197,44.527025554070505,0.9917061369603342,0.7147186251735228,0.7147186251735228
MC-B1-70,1,Basalt,68.02481279688082,11.352654059055682,20.622533144063482,0.0,55.67410940439362,35.77831449854913,2.8643883511002346,11.493124839315069,22.99872191952088,30.43097019194709,False,19.89579490584449,20.622533144063482,0.8003744645399451,0.5360339634949735,0.5360339634949735
MC-B1-71,1,Basalt,71.25317688023596,9.60386965654312,17.54758001741273,1.595373445808175,52.31582632572023,35.458083118824746,2.6,12.958890413846136,25.02476458242433,35.833562166650786,False,16.857743206895485,19.142953463220906,0.953824371881488,0.6288732569615865,0.6288732569615865
MC-B1-72,1,Basalt,51.33004363623985,16.268781584773066,31.32913745576868,1.0720373232183908,56.05389345729991,35.646785871394215,2.7009716125329297,11.640905742862413,32.967422885212784,30.409722999749956,False,20.407107585905692,32.40117477898707,0.8921785643239649,0.6280624723999007,0.6280624723999007
MC-B1-73,1,Basalt,49.1231912825674,12.64079498982668,38.23601372760591,0.0,61.72060122533315,38.26089138374262,2.6853741178068535,11.194177888225669,46.97332643567943,30.31972735240883,False,23.45970984159053,38.23601372760591,1.0197529968297498,0.75658634173836,0.75658634173836
MC-B1-74,1,Basalt,47.67312350451383,16.465138692614207,29.202005564873385,6.659732237998574,49.58804792638849,36.29296335279311,2.6350417034410984,16.87196956285652,42.39261910697695,31.08104621352252,False,13.295084573595382,35.86173780287196,0.9953117225322464,0.7240573603384728,0.7240573603384728
MC-B1-75,1,Basalt,97.55722590766858,0.0,0.0,2.4427740923314185,56.49413172743707,35.70941166694313,2.8073521026060706,15.734609950811706,50.40129899465645,23.91744998960319,False,20.78472006049394,2.4427740923314185,0.9101821140490576,0.7106055752047169,0.7106055752047169
MC-B1-76,1,Basalt,80.64702561714458,2.226016769116034,15.598108449611066,1.5288491641283242,60.90966732355066,35.78171434208009,2.6881027134596303,11.459514640056378,47.44855672373912,26.19713909189344,False,25.127952981470564,17.12695761373939,0.9313374700367775,0.709937928202474,0.709937928202474
MC-B1-77,1,Basalt,60.18769935841496,16.755357595440834,9.284830813112615,13.772112233031585,43.74358665444706,29.263104987536607,2.6,17.556461117168475,35.438286306910804,19.80467824372178,False,14.48048166691045,23.056943046144198,0.6882466704234458,0.5261951950116902,0.5261951950116902
MC-B1-78,1,Basalt,34.80841174077333,23.325377943369478,35.63419247159775,6.232017844259445,53.86557669959296,33.68310334457777,2.7096409511155786,12.369011143968079,36.26299650210022,26.108585404991757,False,20.182473355015183,41.866210315857195,0.8258492503990641,0.6053129064782362,0.6053129064782362
MC-B1-79,1,Basalt,47.91958529594665,16.37559570683561,29.355033221098108,6.349785776119643,54.90202674286197,34.546087208721026,2.6461301914172046,13.454374655185061,44.92776104219897,25.343560329404145,False,20.355939534140944,35.70481899721775,0.8896261050782948,0.6764933621355579,0.6764933621355579
MC-B1-80,1,Basalt,42.81667655268379,19.510512340811,31.130598719106313,6.542212387398899,50.558910021554816,34.805734001961234,2.649032357775924,13.324843826382258,30.267934442034587,34.154857724646014,False,15.753176019593582,37.672811106505215,0.9587067981705435,0.6534051325022764,0.6534051325022764
MC-B1-81,1,Basalt,30.09676950566897,23.292902144645776,41.17669258688534,5.43363576279992,53.50576346111133,35.72020763634158,2.7562311038083016,12.331738476581105,35.06914273070875,32.78536306823029,False,17.78555582476975,46.61032834968526,0.9688088046539024,0.6789662706042661,0.6789662706042661
MC-B1-82,1,Basalt,54.37336490992429,17.02744226026878,18.810745641558157,9.78844718824878,48.96334334715953,32.037384486257515,2.6,15.641406835804114,38.67996809263825,22.891026518272177,False,16.925958860902014,28.599192829806938,0.7803798403700875,0.5903754459228742,0.5903754459228742
MC-B1-83,1,Basalt,60.3737920664055,17.82318746137892,8.830516864906457,12.972503607309118,43.06659065558197,28.6601994086228,2.729417062519971,15.313058089613243,23.12359944755822,23.9937805438148,False,14.40639124695917,21.803020472215575,0.6592060261876835,0.4589116454347185,0.4589116454347185
MC-B1-84,1,Basalt,90.84890457662537,0.0,8.310016053552465,0.8410793698221641,56.08774929417516,37.13220163494707,2.84707618726064,14.966121751386344,45.49686625829487,29.242387686940543,False,18.95554765922809,9.15109542337463,0.9811196728236035,0.7291860961292105,0.7291860961292105
MC-B1-85,1,Basalt,59.66230077581075,13.284277838974297,27.05342138521495,0.0,56.477424522780915,36.25739419124042,2.6,11.210858491068226,26.454668670314838,31.943725896922345,False,20.220030331540492,27.05342138521495,0.8684551574144419,0.5878781227042549,0.5878781227042549
MC-B1-86,1,Basalt,73.54804981013459,8.139806961675978,18.31214322818945,0.0,57.40473315526596,35.50871612030966,2.6726889604867594,13.221855082453569,39.73496977934595,24.564402536268673,False,21.8960170349563,18.31214322818945,0.825000822062343,0.6193128262148968,0.6193128262148968
MC-B1-87,1,Basalt,43.38721944938239,18.903731898551122,25.48179314248199,12.227255509584491,54.61641972878136,31.11010375127808,2.6089561810497255,12.049179763922165,46.62476083713121,20.074812096600517,False,23.50631597750328,37.709048652066485,0.7971603781165038,0.6327080447854572,0.6327080447854572
MC-B1-88,1,Basalt,62.76062876603699,8.581065269539476,28.658305964423537,0.0,57.59370861936911,38.44355668834358,2.7262637781493684,13.169166346643715,40.50182020891448,33.75623881599417,False,19.150151931025533,28.658305964423537,1.0433530054231306,0.7426017371865321,0.7426017371865321
MC-B1-89,1,Basalt,0.0,34.99290175275327,64.93829593528862,0.06880231195809683,57.88606675605625,37.15293454492602,2.7331826424287864,8.754847900274438,29.642998230932005,34.309365366482346,False,20.733132211130233,65.00709824724672,0.9568655002188262,0.6497885177492377,0.6497885177492377
MC-B1-90,1,Basalt,32.04595802784871,27.21689333283858,34.59209492579177,6.145053713520941,50.57111646879065,32.31248250599498,2.669186307664214,12.579247899685528,26.324840823581184,25.006678355929516,False,18.25863396279567,40.73714863931271,0.7101980962969778,0.5002957897282594,0.5002957897282594
MC-B1-91,1,Basalt,45.206888334927505,19.08710502305111,32.09275635095204,3.613250291069356,56.3536821276695,34.29068749542217,2.617918131018029,11.322162250556431,35.26417140084302,26.580646478229497,False,22.06299463224733,35.70600664202139,0.8268603885736384,0.6017072612190137,0.6017072612190137
MC-B1-92,1,Basalt,62.26457836859971,14.300543166988502,19.232141277664734,4.202737186747049,55.139425412139666,32.578587697567215,2.667544324611966,11.2972967186079,31.77219438751706,24.085595378897516,False,22.56083771457245,23.43487846441178,0.7412069222027535,0.5400479504928355,0.5400479504928355
MC-B1-93,1,Basalt,26.482260561676586,24.44023864484692,44.498888778545506,4.57861201493098,52.68855824827139,36.8160888737021,2.6834170164508344,14.36959102525515,39.67503323080404,31.757425567037355,False,15.872469374569292,49.07750079347649,0.9863594393132493,0.7078103300839707,0.7078103300839707
MC-B1-94,1,Basalt,73.91351808420677,8.517311124847327,17.569170790945897,0.0,50.49659580323692,37.89585496250607,2.72119911240338,14.751274712807287,17.614350776197117,38.83854953934888,False,12.60074084073085,17.569170790945897,0.9682248408574029,0.6059167907057263,0.6059167907057263
MC-B1-95,1,Basalt,86.20200185183396,7.543359483995099,1.9343152859623447,4.320323378208606,48.13469456208294,32.58729248077602,2.796600322872084,16.88820025657292,29.81876306784023,23.280144106736888,False,15.54740208130692,6.254638664170951,0.706356931767127,0.5127411585879208,0.5127411585879208
MC-B1-96,1,Basalt,64.7442896096527,10.775258666415374,24.480451723931942,0.0,59.53391623737325,35.854599539665635,2.67426444769525,9.802167287258918,29.567759782396244,28.95222091273836,False,23.679316697707613,24.480451723931942,0.8269949824045293,0.5780462394158088,0.5780462394158088
MC-B1-97,1,Basalt,39.223759655943894,24.466034233128827,33.507431828517234,2.802774282410043,52.22457896158473,33.216396999399805,2.6,10.777743010264,18.795708538538754,30.238358508145513,False,19.008181962184928,36.310206110927275,0.7569448488547851,0.49463511911404323,0.49463511911404323
MC-B1-98,1,Basalt,47.83638825523887,17.315798636918903,25.715911659691614,9.131901448150616,50.85876940868546,33.66407564612117,2.9402170681553166,14.52395757028554,39.63889852570598,28.767535188539586,False,17.19469376256429,34.84781310784223,0.9160438532246047,0.6689861964639743,0.6689861964639743
MC-B1-99,1,Basalt,37.192187042396625,21.40592747443645,41.401885483166936,0.0,55.878759797531536,36.97951128925974,2.643887270839484,10.747079164228607,26.3669278742652,34.96315800506998,False,18.899248508271796,41.401885483166936,0.9433879125114756,0.6287255513574166,0.6287255513574166
MC-B1-100,1,Basalt,47.67540107381723,13.198257251196562,32.71032326644471,6.416018408541493,56.67364817496983,36.7878332274269,2.644309976320106,13.275507704186154,51.20722437912987,31.204985594234113,False,19.885814947542926,39.12634167498621,1.079881429919502,0.8072982213687672,0.8072982213687672
MC-B1-101,1,Basalt,19.653451849002977,30.53574007093358,47.6074851661851,2.203322913878334,50.308578954852926,35.63657943924549,2.6615353398287946,12.3076261354681,20.63804989902238,35.148597684067,False,14.671999515607439,49.81080808006343,0.8951727300697979,0.5783368761176488,0.5783368761176488
MC-B1-102,1,Basalt,17.81023938960687,32.02147404073166,38.97449716674835,11.19378940291311,44.17714415607761,32.07181902233343,2.7370775470146214,16.020316186134774,28.794690218173866,27.702697443157355,False,12.10532513374418,50.16828656966146,0.7916892969539926,0.5554069892337536,0.5554069892337536
MC-B1-103,1,Basalt,41.78792477804885,21.107468980293994,35.72613293064933,1.3784733110078295,57.29092701388588,34.45687180476068,2.6776706155817407,11.35297477578811,36.360176125899564,23.41199201264864,False,22.834055209125196,37.10460624165716,0.7696554564359745,0.5748112348977009,0.5748112348977009
MC-B1-104,1,Basalt,57.74801158532446,11.63622147404371,22.60476114176907,8.01100579886275,56.1698789214327,34.095032804820086,2.8312645404011683,13.300025816787839,49.164071637279946,24.53741264769706,False,22.074846116612612,30.615766940631822,0.9117379636033358,0.7063061784705011,0.7063061784705011
MC-B1-105,1,Basalt,9.721917273989085,32.11104600331175,48.95028340559732,9.21675331710185,51.037215556637996,33.891768957380094,2.838184862047412,12.032049992457893,32.65084636808743,30.945589132125853,False,17.1454465992579,58.167036722699166,0.9018915034811853,0.6320855201150162,0.6320855201150162
MC-B1-106,1,Basalt,68.66811667407477,11.704769153091911,13.302883679919915,6.324230492913404,51.854805672613104,32.66464748837788,2.6,13.236924126513367,31.590526232947564,26.33377201047477,False,19.190158184235223,19.62711417283332,0.7874692797855567,0.5647352965193377,0.5647352965193377
MC-B1-107,1,Basalt,29.914071515532335,19.70217214565625,37.41327914186473,12.970477196946684,51.29402681643062,35.735990997600894,2.6,16.6515513984823,57.94822467414886,30.179347819476547,False,15.55803581882973,50.38375633881141,1.1180890883419392,0.8563999347303535,0.8563999347303535
MC-B1-108,1,Basalt,56.524461739797516,16.022798135080055,24.17759379978264,3.2751463253397866,49.286894233816014,35.56525396152243,2.7858671924492144,15.688774665716068,29.48998068095842,31.787186428674705,False,13.721640272293584,27.452740125122425,0.8927720754837715,0.6138995610200677,0.6138995610200677
MC-B1-109,1,Basalt,65.33685430708432,11.929969170556475,21.405625878280325,1.3275506440788527,58.43743270047978,33.918385217549236,2.667349653926294,10.77917530749643,36.727824419109815,23.322950796086293,False,24.519047482930546,22.733176522359177,0.7712154320170901,0.5772010893556905,0.5772010893556905
MC-B1-110,1,Basalt,54.33914205739592,16.855519702843914,22.234406410001316,6.570931829758858,50.60131928584491,33.401763159960126,2.9040495921514373,14.47643983598047,34.20250640712968,26.230654074421857,False,17.199556125884783,28.805338239760175,0.8094156059992643,0.5876890266626358,0.5876890266626358
MC-B1-111,1,Basalt,23.03026137686399,24.43085262511103,37.798593624970714,14.740292373054265,50.308440775381236,33.25360089409029,2.766346110847656,16.475888293454727,57.96129496883134,22.848075871969137,False,17.054839881290945,52.53888599802498,0.958027649944094,0.7684206031727157,0.7684206031727157
MC-B1-112,1,Basalt,56.922410128592794,16.461059999355403,19.335878508423594,7.2806513636282055,50.83437437137741,32.29720201867615,2.6966999888318917,13.335176138257983,32.14499725544964,25.156194335416615,False,18.537172352701255,26.6165298720518,0.7672696317240417,0.5559357860125965,0.5559357860125965
MC-B1-113,1,Basalt,26.485377270336087,29.49549765245602,40.05343733285288,3.965687744355015,46.415623406028686,34.66274530056038,2.805861804315262,14.763013949951006,19.791293686501163,33.41373397360081,False,11.752878105468305,44.019125077207896,0.8429752047681094,0.5461000863162151,0.5461000863162151
MC-B1-114,1,Basalt,42.257507032037374,22.569641273621617,24.54992140229039,10.62293029205062,48.509228898699085,30.852984039260186,2.7950777294404388,13.13032336906173,28.97188923270756,25.172478958118248,False,17.6562448594389,35.17285169434101,0.7382359541402952,0.526745979913444,0.526745979913444
MC-B1-115,1,Basalt,64.61046062429195,14.691730606895122,19.009043564256526,1.6887652045564132,52.02441264750083,33.878880580368914,2.867349876006609,12.303584768911657,21.291014403568763,30.0626185416905,False,18.145532067131917,20.69780876881294,0.775947411712565,0.5154836364567806,0.5154836364567806
MC-B1-116,1,Basalt,80.23840239504354,1.5123337543902067,15.62423337263938,2.6250304779268823,54.77230396692063,38.30930606930167,2.6,18.001171994491543,56.269536868062865,27.87985295987787,False,16.462997897618962,18.249263850566262,1.0500368499881694,0.8119766711104218,0.8119766711104218
MC-B1-117,1,Basalt,100.0,0.0,0.0,0.0,49.56212607688983,36.01745343035306,2.7416080255859825,16.714570638190068,19.889516237039615,31.43929639720769,False,13.544672646536775,0.0,0.7955065826283547,0.5204016047665935,0.5204016047665935
MC-B1-118,1,Basalt,35.25238757934114,23.042409010469992,37.02475819987523,4.680445210313641,53.283001397046526,34.46206980679768,2.7134854678349796,11.51413183798852,28.153274501694497,32.376073525784506,False,18.820931590248847,41.70520341018887,0.8947121413596738,0.6093969881715477,0.6093969881715477
MC-B1-119,1,Basalt,48.12768752492633,20.3746416084044,23.298486605216663,8.199184261452611,45.987449730724165,32.80205389153143,2.739522940128754,14.294757365124727,20.602654938968804,33.415229382685816,False,13.185395839192736,31.497670866669274,0.8505252689341811,0.5536332934928363,0.5536332934928363
MC-B1-120,1,Basalt,52.12387981886077,12.590886997917403,31.12646054242593,4.158772640795886,59.116503914487765,36.13132403013133,2.6463108946017506,10.932905484937596,44.41406239019318,30.610683565412135,False,22.985179884356434,35.28523318322182,1.0028913769254348,0.7366488506014607,0.7366488506014607
MC-G2-1,2,Granite,49.49306596233799,9.583046578067806,32.92254807913757,8.001339380456638,71.66726207912804,41.95634587963978,2.7230124565213805,9.28917449754158,25.772720221309925,31.948877224640615,False,29.71091619948826,40.92388745959421,0.8622656868535031,0.5816324620248847,0.5816324620248847
MC-G2-2,2,Granite,60.21868954167252,12.082744627848015,13.619066862379036,14.07949896810042,45.56862787075066,39.09197161311155,2.6,14.262749290312396,28.57471114847798,28.734831487365675,False,6.476656257639107,27.698565830479456,0.8128550726566819,0.5661315864131666,0.5661315864131666
MC-G2-3,2,Granite,52.89690749195466,4.0353059246118175,43.06778658343353,0.0,98.4487335893295,42.5755401776004,2.8333423619216402,5.0,22.300571397291183,35.64523297651485,False,55.873193411729105,43.06778658343353,0.9236112393314513,0.6009052291210115,0.6009052291210115
MC-G2-4,2,Granite,63.40848014728044,8.471745759334206,19.096307759133392,9.023466334251957,51.61206925077784,39.833164856345505,2.6,12.623711702749688,27.41729769311592,29.91428431040179,False,11.778904394432338,28.11977409338535,0.8292211619478942,0.5703103794593247,0.5703103794593247
MC-G2-5,2,Granite,52.69057413891333,23.63836427955694,0.0,23.671061581529734,32.44065944802249,29.3610066465735,2.95,12.433244366345749,33.50837046428731,26.07000771197203,False,3.0796528014489866,23.671061581529734,0.7995087068218216,0.5793479990198658,0.5793479990198658
MC-G2-6,2,Granite,0.0,32.07521308778733,27.021828849755135,40.902958062457536,48.61581907779863,45.96746346790525,2.9377599428842918,22.446374640241164,35.66834759702029,25.29311425000562,False,2.648355609893386,67.92478691221267,0.802813288353696,0.5901654235821174,0.5901654235821174
MC-G2-7,2,Granite,52.951052155757715,20.644176230991494,4.841166173593542,21.56360543965725,50.0874441131842,36.481916475863024,2.729820489558807,12.250400106953629,30.10052518028908,28.52009298961984,False,13.605527637321174,26.40477161325079,0.8221184248207951,0.5775839885693086,0.5775839885693086
MC-G2-8,2,Granite,21.4765518381333,0.0,72.86458245890238,5.6588657029643095,67.82822843613435,53.892932928269175,2.667522807988037,17.730961204500346,23.63764963668927,32.12000197623139,False,13.935295507865177,78.52344816186668,0.846652522946023,0.5641490944398513,0.5641490944398513
MC-G2-9,2,Granite,0.0,7.387412894668596,73.17942373980344,19.433163365527964,100.0,60.0,2.6842224846092533,14.110893621723019,23.55642304014144,34.95939299009224,False,40.0,92.6125871053314,0.9172668823446586,0.6026485479568182,0.6026485479568182
MC-G2-10,2,Granite,59.35395353516343,4.786068800444503,35.525285937487794,0.3346917269042768,76.15722314227334,41.79257062408502,2.8159597460884367,7.466624206591877,24.351631298450528,33.162706506108734,False,34.364652518188315,35.85997766439207,0.8789305096674611,0.5848769107273142,0.5848769107273142
MC-G2-11,2,Granite,78.29962719014655,0.0,21.700372809853448,0.0,53.98140700340728,40.526378808488275,2.6,10.688805366564605,23.40184644362459,32.04288394161649,False,13.455028194919002,21.700372809853448,0.8425943157138647,0.560934567157728,0.560934567157728
MC-G2-12,2,Granite,41.471022686733065,26.567655480705305,0.0,31.961321832561634,39.60356645104071,33.03815520074789,2.777837484630185,17.154056681160892,34.73452779346637,24.777044028898075,False,6.565411250292826,31.961321832561634,0.7831947586895605,0.5754843164187016,0.5754843164187016
MC-G2-13,2,Granite,35.287650825896606,15.57949637980177,31.899309535869865,17.233543258431762,68.33461991305357,42.25324614163441,2.7732492354867393,11.420239767820505,27.666204718125517,30.991635409062447,False,26.08137377141916,49.13285279430163,0.8568305018538385,0.5865326290118009,0.5865326290118009
MC-G2-14,2,Granite,17.6227581281607,2.584627583616527,73.20424023241185,6.588374055810939,87.09208356672156,51.54892922680975,2.7402383011628335,11.791063305246555,23.515027140282427,33.561394141986064,False,35.54315433991181,79.7926142882228,0.8811593473730948,0.582616920806379,0.582616920806379
MC-G2-15,2,Granite,20.019525755308738,0.0,79.81405770051428,0.1664165441769786,89.87196142200801,54.230965070228834,2.6273734552360843,12.244711059963413,21.835519217663247,34.548179599622586,False,35.64099635177918,79.98047424469127,0.8907005009236125,0.5808666055815838,0.5808666055815838
MC-G2-16,2,Granite,67.33529049462975,4.142350372070501,24.355285731503777,4.167073401795973,51.73764558513569,40.799071697160336,2.747467204940413,13.07224482917872,26.35945155100303,30.52398751709605,False,10.938573887975352,28.52235913329975,0.8336780771009434,0.5683539905346982,0.5683539905346982
MC-G2-17,2,Granite,34.49719647073949,29.063028603703465,0.0,36.439774925557046,48.91397145888736,34.47916898513908,2.9433502767889657,18.29261438875619,35.146080604207846,24.405405825127673,False,14.434802473748277,36.439774925557046,0.7791605591416118,0.5749803100454192,0.5749803100454192
MC-G2-18,2,Granite,0.0,22.57686001355003,48.29877018753504,29.124369798914923,80.2302360405773,46.613179194185705,2.95,12.866311097629882,28.787592735709413,31.007923572341717,False,33.61705684639159,77.42313998644997,0.8676006398821965,0.5971286550006639,0.5971286550006639
MC-G2-19,2,Granite,40.304298805219,0.0,59.695701194781016,0.0,75.78189469117535,49.635996256816455,2.6,12.458113859319374,22.44567506682374,33.507361037366394,False,26.145898434358898,59.695701194781016,0.8699006595838145,0.5719690088828636,0.5719690088828636
MC-G2-20,2,Granite,43.674549205968155,24.305414544640353,0.0,32.020036249391495,49.18668197653897,35.25014780101173,2.87609072279284,19.184792933790078,33.78385692129995,24.850993355881798,False,13.936534175527242,32.020036249391495,0.7759588253337071,0.5675434244389554,0.5675434244389554
MC-G2-21,2,Granite,88.78926494299633,0.12082077064968942,11.089914286353993,0.0,43.36187585393481,37.89175018652679,2.8036327363285145,12.035345576731567,25.927190591341684,30.257628044793307,False,5.47012566740802,11.089914286353993,0.8234277706248505,0.5609152346409249,0.5609152346409249
MC-G2-22,2,Granite,60.83419620783105,19.144360683173275,0.0,20.02144310899567,50.36029735354488,31.366122859131522,2.7243053306111733,14.04042828650197,32.382265569222774,26.429553299098124,False,18.994174494413357,20.02144310899567,0.7968831729792518,0.5732118516770168,0.5732118516770168
MC-G2-23,2,Granite,22.120809908626978,17.059664985930993,38.21670356877778,22.602821536664248,66.13367097916587,44.289028101940765,2.674982886559308,13.558309930653452,28.30730774704714,30.132985066263874,False,21.844642877225105,60.819525105442025,0.8425538317479206,0.5813517230740528,0.5813517230740528
MC-G2-24,2,Granite,0.0,9.682359111172012,66.62386784526475,23.693773043563233,100.0,60.0,2.9072832784730984,16.42494983167619,24.686909132790657,33.8099594223956,False,40.0,90.31764088882798,0.8982758974170946,0.5969138649660298,0.5969138649660298
MC-G2-25,2,Granite,64.6871943974685,5.428957765007014,21.350481797100752,8.533366040423713,43.36892834201083,41.250641278829505,2.6,15.646596705378712,27.440025488812942,29.15464464655333,False,2.1182870631813273,29.883847837524463,0.8119170237804958,0.5608878026159934,0.5608878026159934
MC-G2-26,2,Granite,21.589422295406173,16.516380131906715,35.445938212131765,26.448259360555365,51.32457844650389,44.88911741588674,2.7916479248873918,17.879522460034746,29.66123728610996,28.5680830860582,False,6.435461030617155,61.89419757268713,0.8191363579034407,0.5741134855390173,0.5741134855390173
MC-G2-27,2,Granite,24.41536837547588,12.114089636415647,51.29764751255935,12.172894475549112,87.08784985612874,45.63794679717324,2.88596274909899,8.577159636591416,25.49960329142794,33.10219194697335,False,41.4499030589555,63.470541988108465,0.8880537523485176,0.5946779108393011,0.5946779108393011
MC-G2-28,2,Granite,46.241227058654786,9.459064482530927,26.183988155742654,18.115720303071637,52.03933845330782,43.47098118600869,2.6613747444792235,19.359139044963513,29.136213344116285,27.838440334079003,False,8.568357267299127,44.299708458814294,0.7978776570225828,0.5602336002962385,0.5602336002962385
MC-G2-29,2,Granite,25.736690390509747,35.375489293055026,0.0,38.88782031643524,31.311406772783666,29.600988488713504,2.95,15.103033098601182,37.0663775486439,23.985120085292543,False,1.7104182840701618,38.88782031643524,0.7881247366418243,0.5879118449390196,0.5879118449390196
MC-G2-30,2,Granite,56.72944115981691,0.0,43.2705588401831,0.0,68.51914114621236,45.6126638354827,2.7233862504149906,11.298786029691868,23.124583480703794,33.01054137503374,False,22.906477310729663,43.2705588401831,0.8637857105129344,0.5714345719517131,0.5714345719517131
MC-G2-31,2,Granite,0.0,26.67405667526354,40.239988283987664,33.08595504074879,82.76827748755802,45.17086276273109,2.8163428844809024,11.65158740485732,29.75533594138753,30.38549019575233,False,37.59741472482693,73.32594332473646,0.8618685220534066,0.5980082535518216,0.5980082535518216
MC-G2-32,2,Granite,0.0,9.212976192751078,68.50575468539918,22.28126912184976,86.22493753704687,57.966586957964914,2.8735019205518118,18.202741633590456,26.11435153248508,32.042718321997576,False,28.258350579081956,90.78702380724894,0.8677060805372327,0.5860481423474992,0.5860481423474992
MC-G2-33,2,Granite,40.53385539180983,4.918661815555652,40.90514979356657,13.642332999067932,65.8195866132393,46.59428606000485,2.6185831629311185,19.00035573687306,27.63610010022524,29.13896042814355,False,19.225300553234447,54.547482792634504,0.8133736578545352,0.5625059289042662,0.5625059289042662
MC-G2-34,2,Granite,45.56121523760903,0.0,54.438784762390966,0.0,70.51158305179541,48.249116434162275,2.7880387374082303,12.766289019723393,23.485645704549242,32.74443160274311,False,22.262466617633137,54.438784762390966,0.860543908670494,0.5711560068710603,0.5711560068710603
MC-G2-35,2,Granite,47.000122236100886,5.375566591626645,45.732199099561235,1.8921120727112404,83.10734176902024,44.28733574665724,2.673177852057826,7.410877636632432,24.18235361746816,33.797351017224535,False,38.820006022362996,47.62431117227248,0.8932853821379084,0.5920667669153004,0.5920667669153004
MC-G2-36,2,Granite,0.0,11.59517301711856,72.24643796044418,16.158389022437255,100.0,53.192305224065926,2.95,9.412384724954514,24.31878549740426,34.56604676359836,False,46.807694775934074,88.40482698288145,0.9141534778915741,0.6041126857462169,0.6041126857462169
MC-G2-37,2,Granite,81.4823013669382,12.351192975206924,0.0,6.166505657854877,43.77332688346431,30.6260052361052,2.686067248126985,8.419862216275405,28.488799907418613,29.214706767383127,False,13.147321647359107,6.166505657854877,0.8230031977602572,0.5713550917157191,0.5713550917157191
MC-G2-38,2,Granite,33.868269712121354,22.64351356524596,16.98003642170344,26.50818030092925,56.135633855182824,39.64326322287669,2.8350702610785734,13.117006243568186,30.1932588300731,28.90337927267402,False,16.492370632306134,43.488216722632686,0.8316738243294713,0.5832258485065138,0.5832258485065138
MC-G2-39,2,Granite,0.0,6.883782976438674,75.93226974578542,17.1839472777759,92.98199777598059,56.610539469128284,2.8149773989212807,14.906634051253361,24.611292123779243,33.5891665778455,False,36.371458306852304,93.11621702356132,0.8920082371427382,0.5931515809442529,0.5931515809442529
MC-G2-40,2,Granite,60.1587124714094,8.415625683502212,15.732244816958252,15.693417028130124,51.89163256682592,40.98773963661891,2.6,19.344629160723855,29.370717763161974,27.120525818213228,False,10.903892930207007,31.425661845088378,0.7841290806525845,0.553648985038763,0.553648985038763
MC-G2-41,2,Granite,13.193590813811939,27.32450771745419,19.26205976901677,40.219841699717115,57.70558501224883,41.92936555209621,2.7748051890161687,20.03735074441572,33.126976742403144,25.888589064115024,False,15.776219460152625,59.48190146873388,0.792059083966822,0.5736615659417652,0.5736615659417652
MC-G2-42,2,Granite,38.21652298556158,13.130349248098014,40.8715984796488,7.781529286691595,93.51176744019452,42.16377373381528,2.747264468544578,5.0,24.93912693562016,34.06034276828114,False,51.347993706379235,48.6531277663404,0.9069597853042406,0.6027409108157498,0.6027409108157498
MC-G2-43,2,Granite,61.72039780675559,7.550652377530592,19.791358625924275,10.93759118978954,42.29876788784813,40.73322956270212,2.7783910406011,15.664440345294812,27.95786202692181,28.846456601768406,False,1.565538325146008,30.728949815713815,0.8096800912673008,0.5618151419758564,0.5618151419758564
MC-G2-44,2,Granite,27.62893116874437,19.399790672556094,28.92225892797315,24.049019230726383,62.42465366461347,42.08459132694041,2.7241222453819347,13.283646388449464,29.225867370676358,29.574557532518174,False,20.34006233767306,52.97127815869953,0.8381017387027487,0.58273040366433,0.58273040366433
MC-G2-45,2,Granite,41.28007688351713,12.497471923863081,31.287844902204565,14.93460629041522,61.97224389782273,42.446027575652174,2.786577028401151,12.57385733480393,27.406792524167443,30.31696701142019,False,19.526216322170555,46.222451192619786,0.838516734371821,0.5753791727551992,0.5753791727551992
MC-G2-46,2,Granite,43.01946197725401,24.560831085750262,5.866593328987892,26.553113608007838,52.96049626228794,36.60007744630058,2.6455610006484647,12.311598587210426,30.851840470632123,28.546653437845837,False,16.36041881598736,32.41970693699573,0.829675655253318,0.5848709456836254,0.5848709456836254
MC-G2-47,2,Granite,44.23778417158568,9.496592148373026,39.708903264325805,6.556720415715484,81.89589132878572,42.747968127847386,2.7826387996901945,7.235071290839918,25.160551016827238,33.0810971497939,False,39.14792320093834,46.26562368004129,0.8843898453249136,0.5912500441654827,0.5912500441654827
MC-G2-48,2,Granite,37.552611277723585,29.963793059322164,0.0,32.48359566295425,40.77604093475901,32.077767393371154,2.7002893166624395,13.186322945945161,33.991974155589105,26.160798201028584,False,8.698273541387856,32.48359566295425,0.8059519278925262,0.5849067859891774,0.5849067859891774
MC-G2-49,2,Granite,4.794271878145995,35.79913077874827,10.456858230045855,48.94973911305988,40.341418430502436,39.95014347106144,2.9093786948810987,19.412586587690342,34.70372143860484,25.246767481594944,False,0.39127495944099877,59.40659734310573,0.7928924071955272,0.5806896632850602,0.5806896632850602
MC-G2-50,2,Granite,21.744421718194072,2.1199187675666034,66.65000405140788,9.485655462831462,71.86057034173778,51.15360716566188,2.739588576570225,15.123873540398456,24.920769938946265,32.028061768249785,False,20.706963176075902,76.13565951423934,0.8562984370273151,0.5748006817772995,0.5748006817772995
MC-G2-51,2,Granite,38.13263295497123,29.015421239985322,0.0,32.85194580504344,49.56265340700442,30.24847412988098,2.9235494471450667,16.02410613463618,35.685561782656805,24.438452459337327,False,19.31417927712344,32.85194580504344,0.7848514526847361,0.5803581397376749,0.5803581397376749
MC-G2-52,2,Granite,22.15128254857821,22.873353214784082,26.276140916318276,28.699223320319422,60.228709676754335,41.82403215359276,2.8845457408814528,14.056447352874105,30.18140003712159,29.01521834255615,False,18.404677523161574,54.9753642366377,0.8341137315186369,0.584518385823257,0.584518385823257
MC-G2-53,2,Granite,25.719545998367067,11.619116044520178,46.87172214330656,15.789615813806183,72.06898903989878,45.89966806585737,2.6401681458322326,12.526016177643575,26.615451687420734,31.39308698466979,False,26.169320974041412,62.66133795711275,0.8566763768020453,0.582069722605378,0.582069722605378
MC-G2-54,2,Granite,70.77187700956983,11.152827343366976,12.581456438524796,5.493839208538407,63.80770026903195,36.70491571375333,2.678055982808127,7.617428081645323,26.845516421779788,31.251682687605328,False,27.102784555278618,18.075295647063204,0.8554246761411108,0.5823398903016934,0.5823398903016934
MC-G2-55,2,Granite,7.647425485530578,23.192691932080162,37.49516791915165,31.66471466323762,63.59901202211118,44.58334974153872,2.793022329804747,15.539632425100315,29.86716619006284,29.236755467791482,False,19.015662280572464,69.15988258238927,0.8362711232117594,0.5843956435583962,0.5843956435583962
MC-G2-56,2,Granite,22.81359845065673,31.43459305650984,1.279129055358676,44.47267943747475,43.95102801728777,38.3985268113874,2.707803806258104,21.026282057628137,34.842793283005754,24.428373215842416,False,5.55250120590037,45.751808492833426,0.7768358138794664,0.5724380029795639,0.5724380029795639
MC-G2-57,2,Granite,53.607692087643024,2.874173491920638,39.11202274205004,4.40611167838631,61.17672218089595,44.45149168102445,2.773050050110677,12.939239844004197,25.301169934779537,31.38238704936811,False,16.7252304998715,43.51813442043635,0.8442508380653091,0.5697595023308348,0.5697595023308348
MC-G2-58,2,Granite,0.0,28.58424372431075,30.022546180702314,41.39321009498694,51.572874679054166,44.19397483399687,2.8812715213290185,18.835096036535578,32.59228694702377,27.15017665640998,False,7.378899845057298,71.41575627568926,0.8146118580575556,0.5838377175442546,0.5838377175442546
MC-G2-59,2,Granite,60.182338074897125,19.855152309746153,0.0,19.962509615356723,42.30368892085111,29.87558136503299,2.7058009276855626,13.941673232337578,32.95659860309728,25.986020849414107,False,12.42810755581812,19.962509615356723,0.7925842938228894,0.573240522448828,0.573240522448828
MC-G2-60,2,Granite,26.131006437665604,19.99403466384935,29.443384742487734,24.431574155997314,63.90229462519103,42.0515366062386,2.602054532540263,12.878651052642866,29.177244017230315,29.870395134194727,False,21.850758018952433,53.87495889848505,0.8444978224723272,0.5860456524315729,0.5860456524315729
MC-G2-61,2,Granite,70.69974056905981,7.580297814714815,18.098370192955972,3.621591423269394,61.09236014257923,38.54630180871987,2.7944760415412984,9.173145044570333,25.993583016853893,31.473650472181042,False,22.546058333859364,21.719961616225365,0.8528497059253242,0.5773739341624862,0.5773739341624862
MC-G2-62,2,Granite,68.65782663878663,8.561083779048216,13.687387901842524,9.093701680322631,45.92167288200699,38.55392230231631,2.7547052232764253,13.493834705331045,27.75782960054175,29.4121055684534,False,7.367750579690679,22.781089582165155,0.8207663794910265,0.5670791320556552,0.5670791320556552
MC-G2-63,2,Granite,59.89096089445559,0.0,40.10903910554441,0.0,60.134844411322234,44.809381144956234,2.8722596058947443,12.957535893761316,24.427937478082193,31.872899101110406,False,15.325463266366,40.10903910554441,0.8479737210935756,0.5681686194268091,0.5681686194268091
MC-G2-64,2,Granite,58.44467990703062,0.0,41.555320092969374,0.0,72.54608475182604,44.396050012789715,2.654671576933345,9.387091059218431,23.43259590300675,33.35535054908827,False,28.15003473903633,41.555320092969374,0.8752294692309585,0.5790120243395553,0.5790120243395553
MC-G2-65,2,Granite,55.04981929283962,13.069040498429569,16.865812976091306,15.015327232639505,50.01805096794272,39.6164580417248,2.898804058357327,13.670489761976556,28.515258137664116,29.353689399721407,False,10.401592926217923,31.881140208730812,0.8264367954462665,0.573353813069047,0.573353813069047
MC-G2-66,2,Granite,36.39151399065857,8.172656486924017,43.65826444435179,11.777565078065637,65.87491802363726,45.5093410972513,2.649989040937557,13.415574779793372,26.161404727712263,31.194807273073224,False,20.365576926385963,55.43582952241743,0.8477328914633496,0.5752589433369768,0.5752589433369768
MC-G2-67,2,Granite,40.32803481715726,23.770359600856423,3.7678441392369484,32.13376144274937,55.41892210959337,38.27753320267886,2.691592496951724,18.62954812345421,32.61224742907713,25.826838916099355,False,17.141388906914507,35.90160558198632,0.78596216902446,0.5681635572512744,0.5681635572512744
MC-G2-68,2,Granite,80.99580475578357,6.3075053358131905,11.386848064321132,1.309841844082119,56.97785275404875,36.94533270817322,2.683317078206751,8.876730537896123,26.115089236601456,31.193888356280954,False,20.03252004587553,12.69668990840325,0.8472821263968445,0.5748180413374373,0.5748180413374373
MC-G2-69,2,Granite,74.43158682245644,13.619344203426248,0.0,11.949068974117303,48.30520857144916,30.892638773875543,2.6694623524918106,13.199575264601515,30.596237445474745,26.979778538988263,False,17.412569797573614,11.949068974117303,0.7923794665779389,0.5632930293073446,0.5632930293073446
MC-G2-70,2,Granite,17.181811761491574,14.33659979335269,42.29030971428748,26.191278730868255,48.75911140762437,47.10503529046666,2.720415764159823,19.62610312656509,29.42097101515308,28.266446954635683,False,1.6540761171577074,68.48158844515574,0.8101057668418948,0.5681455509928467,0.5681455509928467
MC-G2-71,2,Granite,42.800090374266745,24.857917035478067,4.803398052458416,27.538594537796758,50.55383242142266,36.70114483743836,2.7117629464409463,12.868469556612625,31.021674939582756,28.16918423968387,False,13.852687583984299,32.341992590255174,0.8227407585859632,0.5817643961372079,0.5817643961372079
MC-G2-72,2,Granite,41.94859457887651,6.835677140480312,41.722682818427806,9.493045462215372,64.6906783264938,45.04808675890832,2.8486715045415623,13.272232726974629,25.973412397895316,31.111367739427028,False,19.642591567585477,51.21572828064318,0.84400376161224,0.5724246205446292,0.5724246205446292
MC-G2-73,2,Granite,28.76207076217394,12.549792645225619,43.01963310461349,15.668503487986943,71.3510130913847,44.77746114391217,2.7579002568452293,12.230511955784074,26.76284409452653,31.09227993717597,False,26.57355194747253,58.68813659260043,0.850858921515186,0.5794842572272129,0.5794842572272129
MC-G2-74,2,Granite,11.827554475733603,35.91053582627819,5.6601022551595825,46.60180744282863,42.57782690600414,38.336848764174746,2.862124521456415,17.806840420454744,34.44611927503457,25.710972300201977,False,4.240978141829395,52.261909697988216,0.8004489280593422,0.583772407411949,0.583772407411949
MC-G2-75,2,Granite,36.96715227314262,16.784838374996397,21.0008350629869,25.247174288874085,59.21780114831384,41.725559125096694,2.6992973820710446,18.39090010663355,30.33085099959107,27.564024401856713,False,17.492242023217145,46.248009351860986,0.8028293415670098,0.5679346836934849,0.5679346836934849
MC-G2-76,2,Granite,49.539113771341256,25.268455207943298,0.0,25.192431020715446,41.036269708852736,31.358434384647097,2.8517844563525006,11.924347771372593,32.70918185700431,26.92209013512746,False,9.677835324205638,25.192431020715446,0.8106766237918006,0.5821604008230084,0.5821604008230084
MC-G2-77,2,Granite,7.717935932782913,22.588570345254226,38.44002766946456,31.25346605249829,64.40472415370976,44.94003042642062,2.8737394850650233,15.285126581167134,29.88354014543129,29.257267327530425,False,19.464693727289145,69.69349372196285,0.8368929853638082,0.5848058925560582,0.5848058925560582
MC-G2-78,2,Granite,14.858768154852584,37.01613414198665,0.0,48.125097703160776,45.74199347071773,36.66123389464713,2.95,19.566029463768597,36.201356976953605,24.32778075078454,False,9.080759576070598,48.125097703160776,0.7872989048246867,0.583853385057551,0.583853385057551
MC-G2-79,2,Granite,20.956448044118282,15.994969901983922,43.6147476910752,19.433834362822598,74.9467250023156,44.98542087260064,2.818774682094711,11.759809118130988,27.36959298091153,31.314028979808207,False,29.96130412971496,63.0485820538978,0.8617671050204984,0.5880118785150721,0.5880118785150721
MC-G2-80,2,Granite,36.900307524386584,8.169040401493124,40.347727123540864,14.582924950579423,55.60582970255898,45.68681341748233,2.6,16.048970833354826,27.221129218350267,29.903446906409496,False,9.919016285076651,54.93065207412029,0.8271530512655334,0.5683555499391695,0.5683555499391695
